{"cameraMode":{"drawMode":0,"name":"Shaded","section":"Shading Mode"},"sceneLighting":true,"audioPlay":false,"sceneViewState":{"m_AlwaysRefresh":false,"showFog":true,"showSkybox":true,"showFlares":true,"showImageEffects":true,"showParticleSystems":true,"showVisualEffectGraphs":true,"m_FxEnabled":true},"in2DMode":false,"pivot":{"x":146.67739868164063,"y":99.50709533691406,"z":436.27215576171877},"rotation":{"x":-0.09007586538791657,"y":0.04987064003944397,"z":-0.004559732973575592,"w":-0.9947270154953003},"size":373.9941711425781,"orthographic":false}