{"cameraMode":{"drawMode":0,"name":"Shaded","section":"Shading Mode"},"sceneLighting":false,"audioPlay":false,"sceneViewState":{"m_AlwaysRefresh":false,"showFog":true,"showSkybox":false,"showFlares":true,"showImageEffects":true,"showParticleSystems":true,"showVisualEffectGraphs":true,"m_FxEnabled":true},"in2DMode":false,"pivot":{"x":0.19390012323856355,"y":-0.174846351146698,"z":0.33865490555763247},"rotation":{"x":-0.4478287398815155,"y":0.5514489412307739,"z":-0.5156900882720947,"w":-0.47908732295036318},"size":1.5248891115188599,"orthographic":false}